Demetrious Johnson,Wilson Reis,win
Demetrious Johnson,Tim Elliott,win
Demetrious Johnson,Henry Cejudo,win
Demetrious Johnson,John Dodson,win
Demetrious Johnson,Kyoji Horiguchi,win
Demetrious Johnson,Chris Cariaso,win
Demetrious Johnson,Ali Bagautinov,win
Demetrious Johnson,Joseph Benavidez,win
Demetrious Johnson,John Moraga,win
Demetrious Johnson,John Dodson,win
Demetrious Johnson,Joseph Benavidez,win
Demetrious Johnson,Ian McCall,win
Demetrious Johnson,Ian McCall,draw
Demetrious Johnson,Dominick Cruz,loss
Demetrious Johnson,Miguel Torres,win
Demetrious Johnson,Norifumi Yamamoto,win
Demetrious Johnson,Damacio Page,win
Demetrious Johnson,Nick Pace,win
Demetrious Johnson,Brad Pickett,loss
Joseph Benavidez,Henry Cejudo,win
Joseph Benavidez,Zach Makovsky,win
Joseph Benavidez,Ali Bagautinov,win
Joseph Benavidez,John Moraga,win
Joseph Benavidez,Dustin Ortiz,win
Joseph Benavidez,Tim Elliott,win
Joseph Benavidez,Demetrious Johnson,loss
Joseph Benavidez,Jussier Formiga,win
Joseph Benavidez,Darren Uyenoyama,win
Joseph Benavidez,Ian McCall,win
Joseph Benavidez,Demetrious Johnson,loss
Joseph Benavidez,Yasuhiro Urushitani,win
Joseph Benavidez,Eddie Wineland,win
Joseph Benavidez,Ian Loveland,win
Joseph Benavidez,Wagnney Fabiano,win
Joseph Benavidez,Dominick Cruz,loss
Joseph Benavidez,Miguel Torres,win
Joseph Benavidez,Rani Yahya,win
Joseph Benavidez,Dominick Cruz,loss
Joseph Benavidez,Jeff Curran,win
Joseph Benavidez,Danny Martinez,win
Joseph Benavidez,Junya Kudo,win
Henry Cejudo,Wilson Reis,win
Henry Cejudo,Joseph Benavidez,loss
Henry Cejudo,Demetrious Johnson,loss
Henry Cejudo,Jussier Formiga,win
Henry Cejudo,Chico Camus,win
Henry Cejudo,Chris Cariaso,win
Henry Cejudo,Dustin Kimura,win
Ray Borg,Jussier Formiga,win
Ray Borg,Louis Smolka,win
Ray Borg,Justin Scoggins,loss
Ray Borg,Geane Herrera,win
Ray Borg,Chris Kelades,win
Ray Borg,Shane Howell,win
Ray Borg,Dustin Ortiz,loss
Sergio Pettis,Brandon Moreno,win
Sergio Pettis,John Moraga,win
Sergio Pettis,Chris Kelades,win
Sergio Pettis,Chris Cariaso,win
Sergio Pettis,Ryan Benoit,loss
Sergio Pettis,Matt Hobar,win
Sergio Pettis,Yaotzin Meza,win
Sergio Pettis,Alex Caceres,loss
Sergio Pettis,Will Campuzano,win
Jussier Formiga,Ulka Sasaki,win
Jussier Formiga,Ray Borg,loss
Jussier Formiga,Dustin Ortiz,win
Jussier Formiga,Henry Cejudo,loss
Jussier Formiga,Wilson Reis,win
Jussier Formiga,Zach Makovsky,win
Jussier Formiga,Scott Jorgensen,win
Jussier Formiga,Joseph Benavidez,loss
Jussier Formiga,Chris Cariaso,win
Jussier Formiga,John Dodson,loss
Wilson Reis,Henry Cejudo,loss
Wilson Reis,Demetrious Johnson,loss
Wilson Reis,Ulka Sasaki,win
Wilson Reis,Hector Sandoval,win
Wilson Reis,Dustin Ortiz,win
Wilson Reis,Jussier Formiga,loss
Wilson Reis,Scott Jorgensen,win
Wilson Reis,Joby Sanchez,win
Wilson Reis,Iuri Alcantara,loss
Wilson Reis,Ivan Menjivar,win
Brandon Moreno,Sergio Pettis,loss
Brandon Moreno,Dustin Ortiz,win
Brandon Moreno,Ryan Benoit,win
Brandon Moreno,Louis Smolka,win
Ben Nguyen,Tim Elliott,win
Ben Nguyen,Geane Herrera,win
Ben Nguyen,Louis Smolka,loss
Ben Nguyen,Ryan Benoit,win
Ben Nguyen,Alptekin Ozkilic,win
Tim Elliott,Ben Nguyen,loss
Tim Elliott,Louis Smolka,win
Tim Elliott,Demetrious Johnson,loss
Tim Elliott,Zach Makovsky,loss
Tim Elliott,Joseph Benavidez,loss
Tim Elliott,Ali Bagautinov,loss
Tim Elliott,Louis Gaudinot,win
Tim Elliott,Jared Papazian,win
Tim Elliott,John Dodson,loss
John Moraga,Ashkan Mokhtarian,win
John Moraga,Sergio Pettis,loss
John Moraga,Matheus Nicolau,loss
John Moraga,Joseph Benavidez,loss
John Moraga,Willie Gates,win
John Moraga,Justin Scoggins,win
John Moraga,John Dodson,loss
John Moraga,Dustin Ortiz,win
John Moraga,Demetrious Johnson,loss
John Moraga,Chris Cariaso,win
John Moraga,Ulysses Gomez,win
Dustin Ortiz,Hector Sandoval,win
Dustin Ortiz,Brandon Moreno,loss
Dustin Ortiz,Zach Makovsky,win
Dustin Ortiz,Jussier Formiga,loss
Dustin Ortiz,Wilson Reis,loss
Dustin Ortiz,Willie Gates,win
Dustin Ortiz,Joseph Benavidez,loss
Dustin Ortiz,Justin Scoggins,win
Dustin Ortiz,Ray Borg,win
Dustin Ortiz,John Moraga,loss
Dustin Ortiz,Jose Maria,win
Dustin Ortiz,Matt Horning,win
Dustin Ortiz,Justin Pennington,win
Ian McCall,John Lineker,loss
Ian McCall,Brad Pickett,win
Ian McCall,Iliarde Santos,win
Ian McCall,Joseph Benavidez,loss
Ian McCall,Demetrious Johnson,loss
Ian McCall,Demetrious Johnson,draw
Ian McCall,Dominick Cruz,loss
Ian McCall,Charlie Valencia,loss
Ian McCall,Coty Wheeler,win
Alexandre Pantoja,Neil Seery,win
Alexandre Pantoja,Eric Shelton,win
Louis Smolka,Tim Elliott,loss
Louis Smolka,Ray Borg,loss
Louis Smolka,Brandon Moreno,loss
Louis Smolka,Ben Nguyen,win
Louis Smolka,Paddy Holohan,win
Louis Smolka,Neil Seery,win
Louis Smolka,Richie Vaculik,win
Louis Smolka,Chris Cariaso,loss
Louis Smolka,Alptekin Ozkilic,win
Magomed Bibulatov,Jenel Lausa,win
Cody Garbrandt,Dominick Cruz,win
Cody Garbrandt,Takeya Mizugaki,win
Cody Garbrandt,Thomas Almeida,win
Cody Garbrandt,Augusto Mendes,win
Cody Garbrandt,Henry Briones,win
Cody Garbrandt,Marcus Brimage,win
Dominick Cruz,Cody Garbrandt,loss
Dominick Cruz,Urijah Faber,win
Dominick Cruz,TJ Dillashaw,win
Dominick Cruz,Takeya Mizugaki,win
Dominick Cruz,Demetrious Johnson,win
Dominick Cruz,Urijah Faber,win
Dominick Cruz,Scott Jorgensen,win
Dominick Cruz,Joseph Benavidez,win
Dominick Cruz,Brian Bowles,win
Dominick Cruz,Joseph Benavidez,win
Dominick Cruz,Ivan Lopez,win
Dominick Cruz,Ian McCall,win
Dominick Cruz,Charlie Valencia,win
Dominick Cruz,Urijah Faber,loss
TJ Dillashaw,John Lineker,win
TJ Dillashaw,Raphael Assuncao,win
TJ Dillashaw,Dominick Cruz,loss
TJ Dillashaw,Renan Barao,win
TJ Dillashaw,Joe Soto,win
TJ Dillashaw,Renan Barao,win
TJ Dillashaw,Mike Easton,win
TJ Dillashaw,Raphael Assuncao,loss
TJ Dillashaw,Hugo Viana,win
TJ Dillashaw,Issei Tamura,win
TJ Dillashaw,Vaughan Lee,win
TJ Dillashaw,Walel Watson,win
TJ Dillashaw,John Dodson,loss
Jimmie Rivera,Thomas Almeida,win
Jimmie Rivera,Urijah Faber,win
Jimmie Rivera,Iuri Alcantara,win
Jimmie Rivera,Pedro Munhoz,win
Jimmie Rivera,Marcus Brimage,win
Raphael Assuncao,Marlon Moraes,win
Raphael Assuncao,Aljamain Sterling,win
Raphael Assuncao,TJ Dillashaw,loss
Raphael Assuncao,Bryan Caraway,win
Raphael Assuncao,Pedro Munhoz,win
Raphael Assuncao,TJ Dillashaw,win
Raphael Assuncao,Vaughan Lee,win
Raphael Assuncao,Mike Easton,win
Raphael Assuncao,Issei Tamura,win
Raphael Assuncao,Johnny Eduardo,win
Raphael Assuncao,Erik Koch,loss
Raphael Assuncao,LC Davis,win
Raphael Assuncao,Diego Nunes,loss
Raphael Assuncao,Urijah Faber,loss
Raphael Assuncao,Yves Jabouin,win
Raphael Assuncao,Jameel Massouh,win
John Lineker,TJ Dillashaw,loss
John Lineker,John Dodson,win
John Lineker,Michael McDonald,win
John Lineker,Rob Font,win
John Lineker,Francisco Rivera,win
John Lineker,Ian McCall,win
John Lineker,Alptekin Ozkilic,win
John Lineker,Ali Bagautinov,loss
John Lineker,Phil Harris,win
John Lineker,Jose Maria,win
John Lineker,Azamat Gashimov,win
John Lineker,Yasuhiro Urushitani,win
John Lineker,Louis Gaudinot,loss
Bryan Caraway,Aljamain Sterling,win
Bryan Caraway,Eddie Wineland,win
Bryan Caraway,Raphael Assuncao,loss
Bryan Caraway,Erik Perez,win
Bryan Caraway,Johnny Bedford,win
Bryan Caraway,Takeya Mizugaki,loss
Bryan Caraway,Mitch Gagnon,win
Bryan Caraway,Dustin Neace,win
Bryan Caraway,Fredson Paixao,loss
Bryan Caraway,Mark Hominick,loss
Bryan Caraway,Alex Zuniga,win
Bryan Caraway,Alvin Cacdac,win
Aljamain Sterling,Renan Barao,win
Aljamain Sterling,Augusto Mendes,win
Aljamain Sterling,Raphael Assuncao,loss
Aljamain Sterling,Bryan Caraway,loss
Aljamain Sterling,Johnny Eduardo,win
Aljamain Sterling,Takeya Mizugaki,win
Aljamain Sterling,Hugo Viana,win
Aljamain Sterling,Cody Gibson,win
John Dodson,Eddie Wineland,win
John Dodson,John Lineker,loss
John Dodson,Manvel Gamburyan,win
John Dodson,Demetrious Johnson,loss
John Dodson,Zach Makovsky,win
John Dodson,John Moraga,win
John Dodson,Darrell Montague,win
John Dodson,Demetrious Johnson,loss
John Dodson,Jussier Formiga,win
John Dodson,Tim Elliott,win
John Dodson,TJ Dillashaw,win
Thomas Almeida,Jimmie Rivera,loss
Thomas Almeida,Albert Morales,win
Thomas Almeida,Cody Garbrandt,loss
Thomas Almeida,Anthony Birchak,win
Thomas Almeida,Brad Pickett,win
Thomas Almeida,Yves Jabouin,win
Thomas Almeida,Tim Gorman,win
Marlon Moraes,Raphael Assuncao,loss
Eddie Wineland,John Dodson,loss
Eddie Wineland,Takeya Mizugaki,win
Eddie Wineland,Frankie Saenz,win
Eddie Wineland,Bryan Caraway,loss
Eddie Wineland,Johnny Eduardo,loss
Eddie Wineland,Yves Jabouin,win
Eddie Wineland,Renan Barao,loss
Eddie Wineland,Brad Pickett,win
Eddie Wineland,Scott Jorgensen,win
Eddie Wineland,Joseph Benavidez,loss
Eddie Wineland,Urijah Faber,loss
Eddie Wineland,Ken Stone,win
Eddie Wineland,Will Campuzano,win
Eddie Wineland,George Roop,win
Eddie Wineland,Manny Tapia,win
Eddie Wineland,Rani Yahya,loss
Eddie Wineland,Chase Beebe,loss
Eddie Wineland,Antonio Banuelos,win
Pedro Munhoz,Damian Stasiak,win
Pedro Munhoz,Justin Scoggins,win
Pedro Munhoz,Russell Doane,win
Pedro Munhoz,Jimmie Rivera,loss
Pedro Munhoz,Jerrod Sanders,nc
Pedro Munhoz,Matt Hobar,win
Pedro Munhoz,Raphael Assuncao,loss
Rob Font,Douglas Silva de Andrade,win
Rob Font,Matt Schnell,win
Rob Font,John Lineker,loss
Rob Font,Joey Gomez,win
Rob Font,George Roop,win
Matthew Lopez,Johnny Eduardo,win
Matthew Lopez,Mitch Gagnon,win
Matthew Lopez,Rani Yahya,loss
Johnny Eduardo,Matthew Lopez,loss
Johnny Eduardo,Manvel Gamburyan,win
Johnny Eduardo,Aljamain Sterling,loss
Johnny Eduardo,Eddie Wineland,win
Johnny Eduardo,Jeff Curran,win
Johnny Eduardo,Raphael Assuncao,loss
Max Holloway,Jose Aldo,win
Max Holloway,Anthony Pettis,win
Max Holloway,Ricardo Lamas,win
Max Holloway,Jeremy Stephens,win
Max Holloway,Charles Oliveira,win
Max Holloway,Cub Swanson,win
Max Holloway,Cole Miller,win
Max Holloway,Akira Corassani,win
Max Holloway,Clay Collard,win
Max Holloway,Andre Fili,win
Max Holloway,Will Chope,win
Max Holloway,Conor McGregor,loss
Max Holloway,Dennis Bermudez,loss
Max Holloway,Leonard Garcia,win
Max Holloway,Justin Lawrence,win
Max Holloway,Pat Schilling,win
Max Holloway,Dustin Poirier,loss
Jose Aldo,Max Holloway,loss
Jose Aldo,Frankie Edgar,win
Jose Aldo,Conor McGregor,loss
Jose Aldo,Chad Mendes,win
Jose Aldo,Ricardo Lamas,win
Jose Aldo,Chan Sung Jung,win
Jose Aldo,Frankie Edgar,win
Jose Aldo,Chad Mendes,win
Jose Aldo,Kenny Florian,win
Jose Aldo,Mark Hominick,win
Jose Aldo,Manvel Gamburyan,win
Jose Aldo,Urijah Faber,win
Jose Aldo,Mike Brown,win
Jose Aldo,Cub Swanson,win
Jose Aldo,Chris Mickle,win
Jose Aldo,Rolando Perez,win
Jose Aldo,Jonathan Brookins,win
Jose Aldo,Alexandre Franca Nogueira,win
Frankie Edgar,Yair Rodriguez,win
Frankie Edgar,Jeremy Stephens,win
Frankie Edgar,Jose Aldo,loss
Frankie Edgar,Chad Mendes,win
Frankie Edgar,Urijah Faber,win
Frankie Edgar,Cub Swanson,win
Frankie Edgar,BJ Penn,win
Frankie Edgar,Charles Oliveira,win
Frankie Edgar,Jose Aldo,loss
Frankie Edgar,Benson Henderson,loss
Frankie Edgar,Benson Henderson,loss
Frankie Edgar,Gray Maynard,win
Frankie Edgar,Gray Maynard,draw
Frankie Edgar,BJ Penn,win
Frankie Edgar,BJ Penn,win
Frankie Edgar,Matt Veach,win
Frankie Edgar,Sean Sherk,win
Frankie Edgar,Hermes Franca,win
Frankie Edgar,Gray Maynard,loss
Frankie Edgar,Spencer Fisher,win
Frankie Edgar,Mark Bocek,win
Frankie Edgar,Tyson Griffin,win
Ricardo Lamas,Jason Knight,win
Ricardo Lamas,Charles Oliveira,win
Ricardo Lamas,Max Holloway,loss
Ricardo Lamas,Diego Sanchez,win
Ricardo Lamas,Chad Mendes,loss
Ricardo Lamas,Dennis Bermudez,win
Ricardo Lamas,Hacran Dias,win
Ricardo Lamas,Jose Aldo,loss
Ricardo Lamas,Erik Koch,win
Ricardo Lamas,Hatsu Hioki,win
Ricardo Lamas,Cub Swanson,win
Ricardo Lamas,Matt Grice,win
Ricardo Lamas,Iuri Alcantara,loss
Ricardo Lamas,Dave Jansen,win
Ricardo Lamas,Bendy Casimir,win
Ricardo Lamas,James Krause,win
Ricardo Lamas,Danny Castillo,loss
Ricardo Lamas,Bart Palaszewski,win
Cub Swanson,Artem Lobov,win
Cub Swanson,Dooho Choi,win
Cub Swanson,Tatsuya Kawajiri,win
Cub Swanson,Hacran Dias,win
Cub Swanson,Max Holloway,loss
Cub Swanson,Frankie Edgar,loss
Cub Swanson,Jeremy Stephens,win
Cub Swanson,Dennis Siver,win
Cub Swanson,Dustin Poirier,win
Cub Swanson,Charles Oliveira,win
Cub Swanson,Ross Pearson,win
Cub Swanson,George Roop,win
Cub Swanson,Ricardo Lamas,loss
Cub Swanson,Mackens Semerzier,win
Cub Swanson,Chad Mendes,loss
Cub Swanson,John Franchi,win
Cub Swanson,Jose Aldo,loss
Cub Swanson,Hiroyuki Takaya,win
Cub Swanson,Jens Pulver,loss
Cub Swanson,Micah Miller,win
Cub Swanson,Tommy Lee,win
Chan Sung Jung,Dennis Bermudez,win
Chan Sung Jung,Jose Aldo,loss
Chan Sung Jung,Dustin Poirier,win
Chan Sung Jung,Mark Hominick,win
Chan Sung Jung,Leonard Garcia,win
Chan Sung Jung,George Roop,loss
Chan Sung Jung,Leonard Garcia,loss
Brian Ortega,Renato Moicano,win
Brian Ortega,Clay Guida,win
Brian Ortega,Diego Brandao,win
Brian Ortega,Thiago Tavares,win
Brian Ortega,Mike de la Torre,nc
Yair Rodriguez,Frankie Edgar,loss
Yair Rodriguez,BJ Penn,win
Yair Rodriguez,Alex Caceres,win
Yair Rodriguez,Andre Fili,win
Yair Rodriguez,Dan Hooker,win
Yair Rodriguez,Charles Rosa,win
Yair Rodriguez,Leonardo Morales,win
Jeremy Stephens,Gilbert Melendez,win
Jeremy Stephens,Renato Moicano,loss
Jeremy Stephens,Frankie Edgar,loss
Jeremy Stephens,Renan Barao,win
Jeremy Stephens,Max Holloway,loss
Jeremy Stephens,Dennis Bermudez,win
Jeremy Stephens,Charles Oliveira,loss
Jeremy Stephens,Cub Swanson,loss
Jeremy Stephens,Darren Elkins,win
Jeremy Stephens,Rony Jason,win
Jeremy Stephens,Estevan Payan,win
Jeremy Stephens,Yves Edwards,loss
Jeremy Stephens,Donald Cerrone,loss
Jeremy Stephens,Anthony Pettis,loss
Jeremy Stephens,Danny Downes,win
Jeremy Stephens,Marcus Davis,win
Jeremy Stephens,Melvin Guillard,loss
Jeremy Stephens,Sam Stout,win
Jeremy Stephens,Justin Buchholz,win
Jeremy Stephens,Gleison Tibau,loss
Jeremy Stephens,Joe Lauzon,loss
Jeremy Stephens,Rafael Dos Anjos,win
Jeremy Stephens,Spencer Fisher,loss
Jeremy Stephens,Cole Miller,win
Jeremy Stephens,Diego Saraiva,win
Jeremy Stephens,Din Thomas,loss
Darren Elkins,Dennis Bermudez,win
Darren Elkins,Mirsad Bektic,win
Darren Elkins,Godofredo Pepey,win
Darren Elkins,Chas Skelly,win
Darren Elkins,Rob Whiteford,win
Darren Elkins,Hacran Dias,loss
Darren Elkins,Lucas Martins,win
Darren Elkins,Jeremy Stephens,loss
Darren Elkins,Hatsu Hioki,win
Darren Elkins,Chad Mendes,loss
Darren Elkins,Antonio Carvalho,win
Darren Elkins,Steven Siler,win
Darren Elkins,Diego Brandao,win
Darren Elkins,Tiequan Zhang,win
Darren Elkins,Michihiro Omigawa,win
Darren Elkins,Charles Oliveira,loss
Darren Elkins,Duane Ludwig,win
Renato Moicano,Brian Ortega,loss
Renato Moicano,Jeremy Stephens,win
Renato Moicano,Zubaira Tukhugov,win
Renato Moicano,Tom Niinimaki,win
Dennis Bermudez,Darren Elkins,loss
Dennis Bermudez,Chan Sung Jung,loss
Dennis Bermudez,Rony Jason,win
Dennis Bermudez,Tatsuya Kawajiri,win
Dennis Bermudez,Jeremy Stephens,loss
Dennis Bermudez,Ricardo Lamas,loss
Dennis Bermudez,Clay Guida,win
Dennis Bermudez,Jimy Hettes,win
Dennis Bermudez,Steven Siler,win
Dennis Bermudez,Max Holloway,win
Dennis Bermudez,Matt Grice,win
Dennis Bermudez,Tommy Hayden,win
Dennis Bermudez,Pablo Garza,win
Dennis Bermudez,Diego Brandao,loss
Dooho Choi,Cub Swanson,loss
Dooho Choi,Thiago Tavares,win
Dooho Choi,Sam Sicilia,win
Dooho Choi,Juan Puig,win
Mirsad Bektic,Darren Elkins,loss
Mirsad Bektic,Russell Doane,win
Mirsad Bektic,Lucas Martins,win
Mirsad Bektic,Paul Redmond,win
Mirsad Bektic,Chas Skelly,win
Myles Jury,Mike de la Torre,win
Myles Jury,Charles Oliveira,loss
Myles Jury,Donald Cerrone,loss
Myles Jury,Takanori Gomi,win
Myles Jury,Diego Sanchez,win
Myles Jury,Mike Ricci,win
Myles Jury,Ramsey Nijem,win
Myles Jury,Michael Johnson,win
Myles Jury,Chris Saunders,win
Jason Knight,Ricardo Lamas,loss
Jason Knight,Chas Skelly,win
Jason Knight,Alex Caceres,win
Jason Knight,Dan Hooker,win
Jason Knight,Jim Alers,win
Jason Knight,Tatsuya Kawajiri,loss
Conor McGregor,Eddie Alvarez,win
Conor McGregor,Nate Diaz,win
Conor McGregor,Nate Diaz,loss
Conor McGregor,Jose Aldo,win
Conor McGregor,Chad Mendes,win
Conor McGregor,Dennis Siver,win
Conor McGregor,Dustin Poirier,win
Conor McGregor,Diego Brandao,win
Conor McGregor,Max Holloway,win
Conor McGregor,Marcus Brimage,win
Khabib Nurmagomedov,Michael Johnson,win
Khabib Nurmagomedov,Darrell Horcher,win
Khabib Nurmagomedov,Rafael Dos Anjos,win
Khabib Nurmagomedov,Pat Healy,win
Khabib Nurmagomedov,Abel Trujillo,win
Khabib Nurmagomedov,Thiago Tavares,win
Khabib Nurmagomedov,Gleison Tibau,win
Khabib Nurmagomedov,Kamal Shalorus,win
Tony Ferguson,Rafael Dos Anjos,win
Tony Ferguson,Lando Vannata,win
Tony Ferguson,Edson Barboza,win
Tony Ferguson,Josh Thomson,win
Tony Ferguson,Gleison Tibau,win
Tony Ferguson,Abel Trujillo,win
Tony Ferguson,Danny Castillo,win
Tony Ferguson,Katsunori Kikuno,win
Tony Ferguson,Mike Rio,win
Tony Ferguson,Michael Johnson,loss
Tony Ferguson,Yves Edwards,win
Tony Ferguson,Aaron Riley,win
Tony Ferguson,Ramsey Nijem,win
Eddie Alvarez,Dustin Poirier,nc
Eddie Alvarez,Conor McGregor,loss
Eddie Alvarez,Rafael Dos Anjos,win
Eddie Alvarez,Anthony Pettis,win
Eddie Alvarez,Gilbert Melendez,win
Eddie Alvarez,Donald Cerrone,loss
Eddie Alvarez,Katsunori Kikuno,win
Eddie Alvarez,Shinya Aoki,loss
Eddie Alvarez,Tatsuya Kawajiri,win
Eddie Alvarez,Joachim Hansen,win
Eddie Alvarez,Andre Amado,win
Edson Barboza,Beneil Dariush,win
Edson Barboza,Gilbert Melendez,win
Edson Barboza,Anthony Pettis,win
Edson Barboza,Tony Ferguson,loss
Edson Barboza,Paul Felder,win
Edson Barboza,Michael Johnson,loss
Edson Barboza,Bobby Green,win
Edson Barboza,Evan Dunham,win
Edson Barboza,Donald Cerrone,loss
Edson Barboza,Danny Castillo,win
Edson Barboza,Rafaello Oliveira,win
Edson Barboza,Lucas Martins,win
Edson Barboza,Jamie Varner,loss
Edson Barboza,Terry Etim,win
Edson Barboza,Ross Pearson,win
Edson Barboza,Anthony Njokuani,win
Edson Barboza,Mike Lullo,win
Justin Gaethje,Michael Johnson,win
Nate Diaz,Conor McGregor,loss
Nate Diaz,Conor McGregor,win
Nate Diaz,Michael Johnson,win
Nate Diaz,Rafael Dos Anjos,loss
Nate Diaz,Gray Maynard,win
Nate Diaz,Josh Thomson,loss
Nate Diaz,Benson Henderson,loss
Nate Diaz,Jim Miller,win
Nate Diaz,Donald Cerrone,win
Nate Diaz,Takanori Gomi,win
Nate Diaz,Rory MacDonald,loss
Nate Diaz,Dong Hyun Kim,loss
Nate Diaz,Marcus Davis,win
Nate Diaz,Rory Markham,win
Nate Diaz,Gray Maynard,loss
Nate Diaz,Melvin Guillard,win
Nate Diaz,Joe Stevenson,loss
Nate Diaz,Clay Guida,loss
Nate Diaz,Josh Neer,win
Nate Diaz,Kurt Pellegrino,win
Nate Diaz,Alvin Robinson,win
Nate Diaz,Junior Assuncao,win
Nate Diaz,Manvel Gamburyan,win
Nate Diaz,Hermes Franca,loss
Nate Diaz,Joe Hurley,win
Nate Diaz,Gilbert Rael,win
Nate Diaz,Tony Juarez,win
Nate Diaz,Alejandro Garcia,win
Kevin Lee,Michael Chiesa,win
Kevin Lee,Francisco Trinaldo,win
Kevin Lee,Magomed Mustafaev,win
Kevin Lee,Jake Matthews,win
Kevin Lee,Efrain Escudero,win
Kevin Lee,Leonardo Santos,loss
Kevin Lee,James Moontasri,win
Kevin Lee,Michel Prazeres,win
Kevin Lee,Jon Tuck,win
Kevin Lee,Jesse Ronson,win
Kevin Lee,Al Iaquinta,loss
Dustin Poirier,Eddie Alvarez,nc
Dustin Poirier,Jim Miller,win
Dustin Poirier,Michael Johnson,loss
Dustin Poirier,Bobby Green,win
Dustin Poirier,Joe Duffy,win
Dustin Poirier,Yancy Medeiros,win
Dustin Poirier,Diego Ferreira,win
Dustin Poirier,Conor McGregor,loss
Dustin Poirier,Akira Corassani,win
Dustin Poirier,Diego Brandao,win
Dustin Poirier,Erik Koch,win
Dustin Poirier,Cub Swanson,loss
Dustin Poirier,Jonathan Brookins,win
Dustin Poirier,Chan Sung Jung,loss
Dustin Poirier,Max Holloway,win
Dustin Poirier,Pablo Garza,win
Dustin Poirier,Jason Young,win
Dustin Poirier,Josh Grispi,win
Dustin Poirier,Zachary Micklewright,win
Dustin Poirier,Danny Castillo,loss
Michael Johnson,Justin Gaethje,loss
Michael Johnson,Khabib Nurmagomedov,loss
Michael Johnson,Dustin Poirier,win
Michael Johnson,Nate Diaz,loss
Michael Johnson,Beneil Dariush,loss
Michael Johnson,Edson Barboza,win
Michael Johnson,Melvin Guillard,win
Michael Johnson,Gleison Tibau,win
Michael Johnson,Joe Lauzon,win
Michael Johnson,Reza Madadi,loss
Michael Johnson,Myles Jury,loss
Michael Johnson,Danny Castillo,win
Michael Johnson,Tony Ferguson,win
Michael Johnson,Shane Roller,win
Michael Johnson,Paul Sass,loss
Michael Johnson,Edward Faaloloto,win
Michael Johnson,Jonathan Brookins,loss
Michael Chiesa,Kevin Lee,loss
Michael Chiesa,Beneil Dariush,win
Michael Chiesa,Jim Miller,win
Michael Chiesa,Mitch Clarke,win
Michael Chiesa,Joe Lauzon,loss
Michael Chiesa,Francisco Trinaldo,win
Michael Chiesa,Colton Smith,win
Michael Chiesa,Jorge Masvidal,loss
Michael Chiesa,Anton Kuivanen,win
Michael Chiesa,Al Iaquinta,win
Al Iaquinta,Diego Sanchez,win
Al Iaquinta,Jorge Masvidal,win
Al Iaquinta,Joe Lauzon,win
Al Iaquinta,Ross Pearson,win
Al Iaquinta,Rodrigo Damm,win
Al Iaquinta,Mitch Clarke,loss
Al Iaquinta,Kevin Lee,win
Al Iaquinta,Piotr Hallmann,win
Al Iaquinta,Ryan Couture,win
Al Iaquinta,Michael Chiesa,loss
Beneil Dariush,Edson Barboza,loss
Beneil Dariush,Rashid Magomedov,win
Beneil Dariush,James Vick,win
Beneil Dariush,Michael Chiesa,loss
Beneil Dariush,Michael Johnson,win
Beneil Dariush,Jim Miller,win
Beneil Dariush,Daron Cruickshank,win
Beneil Dariush,Diego Ferreira,win
Beneil Dariush,Tony Martin,win
Beneil Dariush,Ramsey Nijem,loss
Beneil Dariush,Charlie Brenneman,win
Anthony Pettis,Jim Miller,win
Anthony Pettis,Max Holloway,loss
Anthony Pettis,Charles Oliveira,win
Anthony Pettis,Edson Barboza,loss
Anthony Pettis,Eddie Alvarez,loss
Anthony Pettis,Rafael Dos Anjos,loss
Anthony Pettis,Gilbert Melendez,win
Anthony Pettis,Benson Henderson,win
Anthony Pettis,Donald Cerrone,win
Anthony Pettis,Joe Lauzon,win
Anthony Pettis,Jeremy Stephens,win
Anthony Pettis,Clay Guida,loss
Anthony Pettis,Benson Henderson,win
Anthony Pettis,Shane Roller,win
Anthony Pettis,Alex Karalexis,win
Anthony Pettis,Danny Castillo,win
Anthony Pettis,Bart Palaszewski,loss
Anthony Pettis,Mike Campbell,win
Evan Dunham,Rick Glenn,win
Evan Dunham,Joe Lauzon,win
Evan Dunham,Ross Pearson,win
Evan Dunham,Rodrigo Damm,win
Evan Dunham,Edson Barboza,loss
Evan Dunham,Donald Cerrone,loss
Evan Dunham,Rafael Dos Anjos,loss
Evan Dunham,Gleison Tibau,win
Evan Dunham,TJ Grant,loss
Evan Dunham,Nik Lentz,win
Evan Dunham,Shamar Bailey,win
Evan Dunham,Melvin Guillard,loss
Evan Dunham,Sean Sherk,loss
Evan Dunham,Tyson Griffin,win
Evan Dunham,Efrain Escudero,win
Evan Dunham,Marcus Aurelio,win
Evan Dunham,Per Eklund,win
Mairbek Taisumov,Felipe Silva,win
Mairbek Taisumov,Damir Hadzovic,win
Mairbek Taisumov,Alan Patrick,win
Mairbek Taisumov,Anthony Christodoulou,win
Mairbek Taisumov,Marcin Bandel,win
Mairbek Taisumov,Michel Prazeres,loss
Mairbek Taisumov,Tae Hyun Bang,win
Tyron Woodley,Demian Maia,win
Tyron Woodley,Stephen Thompson,win
Tyron Woodley,Stephen Thompson,draw
Tyron Woodley,Robbie Lawler,win
Tyron Woodley,Kelvin Gastelum,win
Tyron Woodley,Dong Hyun Kim,win
Tyron Woodley,Rory MacDonald,loss
Tyron Woodley,Carlos Condit,win
Tyron Woodley,Josh Koscheck,win
Tyron Woodley,Jake Shields,loss
Tyron Woodley,Jay Hieron,win
Tyron Woodley,Nate Marquardt,loss
Tyron Woodley,Jordan Mein,win
Tyron Woodley,Paul Daley,win
Tyron Woodley,Tarec Saffiedine,win
Tyron Woodley,Andre Galvao,win
Tyron Woodley,Nathan Coy,win
Tyron Woodley,Rudy Bears,win
Tyron Woodley,Zach Light,win
Tyron Woodley,Salvador Woods,win
Robbie Lawler,Donald Cerrone,win
Robbie Lawler,Tyron Woodley,loss
Robbie Lawler,Carlos Condit,win
Robbie Lawler,Rory MacDonald,win
Robbie Lawler,Johny Hendricks,win
Robbie Lawler,Matt Brown,win
Robbie Lawler,Jake Ellenberger,win
Robbie Lawler,Johny Hendricks,loss
Robbie Lawler,Rory MacDonald,win
Robbie Lawler,Bobby Voelker,win
Robbie Lawler,Josh Koscheck,win
Robbie Lawler,Lorenz Larkin,loss
Robbie Lawler,Adlan Amagov,win
Robbie Lawler,Tim Kennedy,loss
Robbie Lawler,Jacare Souza,loss
Robbie Lawler,Matt Lindland,win
Robbie Lawler,Renato Sobral,loss
Robbie Lawler,Melvin Manhoef,win
Robbie Lawler,Jake Shields,loss
Robbie Lawler,Scott Smith,win
Robbie Lawler,Scott Smith,nc
Robbie Lawler,Murilo Rua,win
Robbie Lawler,Joey Villasenor,win
Robbie Lawler,Evan Tanner,loss
Robbie Lawler,Nick Diaz,loss
Robbie Lawler,Chris Lytle,win
Robbie Lawler,Pete Spratt,loss
Robbie Lawler,Tiki Ghosn,win
Robbie Lawler,Steve Berger,win
Robbie Lawler,Aaron Riley,win
Stephen Thompson,Tyron Woodley,loss
Stephen Thompson,Tyron Woodley,draw
Stephen Thompson,Rory MacDonald,win
Stephen Thompson,Johny Hendricks,win
Stephen Thompson,Jake Ellenberger,win
Stephen Thompson,Patrick Cote,win
Stephen Thompson,Robert Whittaker,win
Stephen Thompson,Chris Clements,win
Stephen Thompson,Nah-Shon Burrell,win
Stephen Thompson,Matt Brown,loss
Stephen Thompson,Dan Stittgen,win
Demian Maia,Tyron Woodley,loss
Demian Maia,Jorge Masvidal,win
Demian Maia,Carlos Condit,win
Demian Maia,Matt Brown,win
Demian Maia,Gunnar Nelson,win
Demian Maia,Neil Magny,win
Demian Maia,Ryan LaFlare,win
Demian Maia,Alexander Yakovlev,win
Demian Maia,Rory MacDonald,loss
Demian Maia,Jake Shields,loss
Demian Maia,Jon Fitch,win
Demian Maia,Rick Story,win
Demian Maia,Dong Hyun Kim,win
Demian Maia,Chris Weidman,loss
Demian Maia,Jorge Santiago,win
Demian Maia,Mark Munoz,loss
Demian Maia,Kendall Grove,win
Demian Maia,Mario Miranda,win
Demian Maia,Anderson Silva,loss
Demian Maia,Dan Miller,win
Demian Maia,Nate Marquardt,loss
Demian Maia,Chael Sonnen,win
Demian Maia,Nate Quarry,win
Demian Maia,Jason MacDonald,win
Demian Maia,Ed Herman,win
Demian Maia,Ryan Jensen,win
Jorge Masvidal,Demian Maia,loss
Jorge Masvidal,Donald Cerrone,win
Jorge Masvidal,Jake Ellenberger,win
Jorge Masvidal,Ross Pearson,win
Jorge Masvidal,Lorenz Larkin,loss
Jorge Masvidal,Benson Henderson,loss
Jorge Masvidal,Cezar Ferreira,win
Jorge Masvidal,Al Iaquinta,loss
Jorge Masvidal,James Krause,win
Jorge Masvidal,Daron Cruickshank,win
Jorge Masvidal,Pat Healy,win
Jorge Masvidal,Rustam Khabilov,loss
Jorge Masvidal,Michael Chiesa,win
Jorge Masvidal,Tim Means,win
Jorge Masvidal,Justin Wilcox,win
Jorge Masvidal,Gilbert Melendez,loss
Jorge Masvidal,KJ Noons,win
Jorge Masvidal,Billy Evangelista,win
Jorge Masvidal,Ryan Healy,win
Jorge Masvidal,Matt Lee,win
Rafael Dos Anjos,Neil Magny,win
Rafael Dos Anjos,Tarec Saffiedine,win
Rafael Dos Anjos,Tony Ferguson,loss
Rafael Dos Anjos,Eddie Alvarez,loss
Rafael Dos Anjos,Donald Cerrone,win
Rafael Dos Anjos,Anthony Pettis,win
Rafael Dos Anjos,Nate Diaz,win
Rafael Dos Anjos,Benson Henderson,win
Rafael Dos Anjos,Jason High,win
Rafael Dos Anjos,Khabib Nurmagomedov,loss
Rafael Dos Anjos,Donald Cerrone,win
Rafael Dos Anjos,Evan Dunham,win
Rafael Dos Anjos,Mark Bocek,win
Rafael Dos Anjos,Anthony Njokuani,win
Rafael Dos Anjos,Kamal Shalorus,win
Rafael Dos Anjos,Gleison Tibau,loss
Rafael Dos Anjos,George Sotiropoulos,win
Rafael Dos Anjos,Clay Guida,loss
Rafael Dos Anjos,Terry Etim,win
Rafael Dos Anjos,Kyle Bradley,win
Rafael Dos Anjos,Rob Emerson,win
Rafael Dos Anjos,Tyson Griffin,loss
Rafael Dos Anjos,Jeremy Stephens,loss
Donald Cerrone,Robbie Lawler,loss
Donald Cerrone,Jorge Masvidal,loss
Donald Cerrone,Matt Brown,win
Donald Cerrone,Rick Story,win
Donald Cerrone,Patrick Cote,win
Donald Cerrone,Alex Oliveira,win
Donald Cerrone,Rafael Dos Anjos,loss
Donald Cerrone,John Makdessi,win
Donald Cerrone,Benson Henderson,win
Donald Cerrone,Myles Jury,win
Donald Cerrone,Eddie Alvarez,win
Donald Cerrone,Jim Miller,win
Donald Cerrone,Edson Barboza,win
Donald Cerrone,Adriano Martins,win
Donald Cerrone,Evan Dunham,win
Donald Cerrone,Rafael Dos Anjos,loss
Donald Cerrone,KJ Noons,win
Donald Cerrone,Anthony Pettis,loss
Donald Cerrone,Melvin Guillard,win
Donald Cerrone,Jeremy Stephens,win
Donald Cerrone,Nate Diaz,loss
Donald Cerrone,Dennis Siver,win
Donald Cerrone,Charles Oliveira,win
Donald Cerrone,Vagner Rocha,win
Donald Cerrone,Paul Kelly,win
Donald Cerrone,Chris Horodecki,win
Donald Cerrone,Jamie Varner,win
Donald Cerrone,Benson Henderson,loss
Donald Cerrone,Ed Ratcliff,win
Donald Cerrone,Benson Henderson,loss
Donald Cerrone,James Krause,win
Donald Cerrone,Jamie Varner,loss
Donald Cerrone,Rob McCullough,win
Donald Cerrone,Danny Castillo,win
Donald Cerrone,Kenneth Alexander,nc
Carlos Condit,Demian Maia,loss
Carlos Condit,Robbie Lawler,loss
Carlos Condit,Thiago Alves,win
Carlos Condit,Tyron Woodley,loss
Carlos Condit,Martin Kampmann,win
Carlos Condit,Johny Hendricks,loss
Carlos Condit,Georges St-Pierre,loss
Carlos Condit,Nick Diaz,win
Carlos Condit,Dong Hyun Kim,win
Carlos Condit,Dan Hardy,win
Carlos Condit,Rory MacDonald,win
Carlos Condit,Jake Ellenberger,win
Carlos Condit,Martin Kampmann,loss
Carlos Condit,Hiromitsu Miura,win
Carlos Condit,Carlo Prater,win
Carlos Condit,Brock Larson,win
Carlos Condit,John Alessio,win
Carlos Condit,Kyle Jensen,win
Carlos Condit,Jake Shields,loss
Colby Covington,Dong Hyun Kim,win
Colby Covington,Bryan Barberena,win
Colby Covington,Max Griffin,win
Colby Covington,Jonathan Meunier,win
Colby Covington,Warlley Alves,loss
Colby Covington,Mike Pyle,win
Colby Covington,Wagner Silva,win
Colby Covington,An Ying Wang,win
Santiago Ponzinibbio,Gunnar Nelson,win
Santiago Ponzinibbio,Nordine Taleb,win
Santiago Ponzinibbio,Zak Cummings,win
Santiago Ponzinibbio,Court McGee,win
Santiago Ponzinibbio,Andreas Stahl,win
Santiago Ponzinibbio,Lorenz Larkin,loss
Santiago Ponzinibbio,Sean Strickland,win
Santiago Ponzinibbio,Wendell Oliveira,win
Santiago Ponzinibbio,Ryan LaFlare,loss
Neil Magny,Rafael Dos Anjos,loss
Neil Magny,Johny Hendricks,win
Neil Magny,Lorenz Larkin,loss
Neil Magny,Hector Lombard,win
Neil Magny,Kelvin Gastelum,win
Neil Magny,Erick Silva,win
Neil Magny,Demian Maia,loss
Neil Magny,Hyun Gyu Lim,win
Neil Magny,Kiichi Kunimoto,win
Neil Magny,William Patolino,win
Neil Magny,Alex Garcia,win
Neil Magny,Rodrigo de Lima,win
Neil Magny,Tim Means,win
Neil Magny,Gasan Umalatov,win
Neil Magny,Seth Baczynski,loss
Neil Magny,Sergio Moraes,loss
Neil Magny,Jon Manley,win
Gunnar Nelson,Santiago Ponzinibbio,loss
Gunnar Nelson,Alan Jouban,win
Gunnar Nelson,Albert Tumenov,win
Gunnar Nelson,Demian Maia,loss
Gunnar Nelson,Brandon Thatch,win
Gunnar Nelson,Rick Story,loss
Gunnar Nelson,Zak Cummings,win
Gunnar Nelson,Omari Akhmedov,win
Gunnar Nelson,Jorge Santiago,win
Gunnar Nelson,DaMarques Johnson,win
Kamaru Usman,Sergio Moraes,win
Kamaru Usman,Sean Strickland,win
Kamaru Usman,Warlley Alves,win
Kamaru Usman,Alexander Yakovlev,win
Kamaru Usman,Leon Edwards,win
Kamaru Usman,Hayder Hassan,win
Dong Hyun Kim,Colby Covington,loss
Dong Hyun Kim,Tarec Saffiedine,win
Dong Hyun Kim,Dominic Waters,win
Dong Hyun Kim,Joshua Burkman,win
Dong Hyun Kim,Tyron Woodley,loss
Dong Hyun Kim,John Hathaway,win
Dong Hyun Kim,Erick Silva,win
Dong Hyun Kim,Siyar Bahadurzada,win
Dong Hyun Kim,Paulo Thiago,win
Dong Hyun Kim,Demian Maia,loss
Dong Hyun Kim,Sean Pierson,win
Dong Hyun Kim,Carlos Condit,loss
Dong Hyun Kim,Nate Diaz,win
Dong Hyun Kim,Amir Sadollah,win
Dong Hyun Kim,TJ Grant,win
Dong Hyun Kim,Karo Parisyan,nc
Dong Hyun Kim,Matt Brown,win
Dong Hyun Kim,Jason Tan,win
Alex Oliveira,Ryan LaFlare,win
Alex Oliveira,Tim Means,win
Alex Oliveira,Tim Means,nc
Alex Oliveira,Will Brooks,win
Alex Oliveira,James Moontasri,win
Alex Oliveira,Donald Cerrone,loss
Alex Oliveira,Piotr Hallmann,win
Alex Oliveira,Joe Merritt,win
Alex Oliveira,KJ Noons,win
Alex Oliveira,Gilbert Burns,loss
Mike Perry,Alex Reyes,win
Mike Perry,Jake Ellenberger,win
Mike Perry,Alan Jouban,loss
Mike Perry,Danny Roberts,win
Mike Perry,Hyun Gyu Lim,win
Michael Bisping,Dan Henderson,win
Michael Bisping,Luke Rockhold,win
Michael Bisping,Anderson Silva,win
Michael Bisping,Thales Leites,win
Michael Bisping,CB Dollaway,win
Michael Bisping,Luke Rockhold,loss
Michael Bisping,Cung Le,win
Michael Bisping,Tim Kennedy,loss
Michael Bisping,Alan Belcher,win
Michael Bisping,Vitor Belfort,loss
Michael Bisping,Brian Stann,win
Michael Bisping,Chael Sonnen,loss
Michael Bisping,Jason Miller,win
Michael Bisping,Jorge Rivera,win
Michael Bisping,Yoshihiro Akiyama,win
Michael Bisping,Dan Miller,win
Michael Bisping,Wanderlei Silva,loss
Michael Bisping,Denis Kang,win
Michael Bisping,Dan Henderson,loss
Michael Bisping,Chris Leben,win
Michael Bisping,Jason Day,win
Michael Bisping,Charles McCarthy,win
Michael Bisping,Rashad Evans,loss
Michael Bisping,Matt Hamill,win
Michael Bisping,Elvis Sinosic,win
Michael Bisping,Eric Schafer,win
Michael Bisping,Josh Haynes,win
Michael Bisping,Ross Pointon,win
Michael Bisping,Jakob Lovstad,win
Michael Bisping,Miika Mehmet,win
Robert Whittaker,Yoel Romero,win
Robert Whittaker,Jacare Souza,win
Robert Whittaker,Derek Brunson,win
Robert Whittaker,Rafael Natal,win
Robert Whittaker,Uriah Hall,win
Robert Whittaker,Brad Tavares,win
Robert Whittaker,Clint Hester,win
Robert Whittaker,Mike Rhodes,win
Robert Whittaker,Stephen Thompson,loss
Robert Whittaker,Court McGee,loss
Robert Whittaker,Colton Smith,win
Robert Whittaker,Bradley Scott,win
Luke Rockhold,David Branch,win
Luke Rockhold,Michael Bisping,loss
Luke Rockhold,Chris Weidman,win
Luke Rockhold,Lyoto Machida,win
Luke Rockhold,Michael Bisping,win
Luke Rockhold,Tim Boetsch,win
Luke Rockhold,Costas Philippou,win
Luke Rockhold,Vitor Belfort,loss
Luke Rockhold,Tim Kennedy,win
Luke Rockhold,Keith Jardine,win
Luke Rockhold,Jacare Souza,win
Luke Rockhold,Paul Bradley,win
Luke Rockhold,Jesse Taylor,win
Luke Rockhold,Cory Devela,win
Luke Rockhold,Buck Meredith,win
Luke Rockhold,Nik Theotikos,win
Luke Rockhold,Josh Neal,win
Yoel Romero,Robert Whittaker,loss
Yoel Romero,Chris Weidman,win
Yoel Romero,Jacare Souza,win
Yoel Romero,Lyoto Machida,win
Yoel Romero,Tim Kennedy,win
Yoel Romero,Brad Tavares,win
Yoel Romero,Derek Brunson,win
Yoel Romero,Ronny Markes,win
Yoel Romero,Clifford Starks,win
Yoel Romero,Rafael Feijao,loss
Jacare Souza,Robert Whittaker,loss
Jacare Souza,Tim Boetsch,win
Jacare Souza,Vitor Belfort,win
Jacare Souza,Yoel Romero,loss
Jacare Souza,Chris Camozzi,win
Jacare Souza,Gegard Mousasi,win
Jacare Souza,Francis Carmont,win
Jacare Souza,Yushin Okami,win
Jacare Souza,Chris Camozzi,win
Jacare Souza,Ed Herman,win
Jacare Souza,Derek Brunson,win
Jacare Souza,Bristol Marunde,win
Jacare Souza,Luke Rockhold,loss
Jacare Souza,Robbie Lawler,win
Jacare Souza,Tim Kennedy,win
Jacare Souza,Joey Villasenor,win
Jacare Souza,Matt Lindland,win
Jacare Souza,Jason Miller,nc
Jacare Souza,Zelg Galesic,win
Jacare Souza,Gegard Mousasi,loss
Jacare Souza,Jason Miller,win
Jacare Souza,Ian Murphy,win
Chris Weidman,Kelvin Gastelum,win
Chris Weidman,Gegard Mousasi,loss
Chris Weidman,Yoel Romero,loss
Chris Weidman,Luke Rockhold,loss
Chris Weidman,Vitor Belfort,win
Chris Weidman,Lyoto Machida,win
Chris Weidman,Anderson Silva,win
Chris Weidman,Anderson Silva,win
Chris Weidman,Mark Munoz,win
Chris Weidman,Demian Maia,win
Chris Weidman,Tom Lawlor,win
Chris Weidman,Jesse Bongfeldt,win
Chris Weidman,Alessio Sakara,win
Anderson Silva,Derek Brunson,win
Anderson Silva,Daniel Cormier,loss
Anderson Silva,Michael Bisping,loss
Anderson Silva,Nick Diaz,nc
Anderson Silva,Chris Weidman,loss
Anderson Silva,Chris Weidman,loss
Anderson Silva,Stephan Bonnar,win
Anderson Silva,Chael Sonnen,win
Anderson Silva,Yushin Okami,win
Anderson Silva,Vitor Belfort,win
Anderson Silva,Chael Sonnen,win
Anderson Silva,Demian Maia,win
Anderson Silva,Forrest Griffin,win
Anderson Silva,Thales Leites,win
Anderson Silva,Patrick Cote,win
Anderson Silva,James Irvin,win
Anderson Silva,Dan Henderson,win
Anderson Silva,Rich Franklin,win
Anderson Silva,Nate Marquardt,win
Anderson Silva,Travis Lutter,win
Anderson Silva,Rich Franklin,win
Anderson Silva,Chris Leben,win
Anderson Silva,Tony Fryklund,win
Anderson Silva,Yushin Okami,loss
Anderson Silva,Curtis Stout,win
Anderson Silva,Jorge Rivera,win
Anderson Silva,Ryo Chonan,loss
Anderson Silva,Lee Murray,win
Anderson Silva,Jeremy Horn,win
Anderson Silva,Daiju Takase,loss
Anderson Silva,Carlos Newton,win
Anderson Silva,Alexander Otsuka,win
Anderson Silva,Alex Stiebling,win
Anderson Silva,Roan Carneiro,win
Anderson Silva,Hayato Sakurai,win
Anderson Silva,Israel Albuquerque,win
Anderson Silva,Tetsuji Kato,win
Anderson Silva,Claudionor Fontinelle,win
Anderson Silva,Jose Barreto,win
Anderson Silva,Luiz Azeredo,loss
Derek Brunson,Daniel Kelly,win
Derek Brunson,Anderson Silva,loss
Derek Brunson,Robert Whittaker,loss
Derek Brunson,Uriah Hall,win
Derek Brunson,Roan Carneiro,win
Derek Brunson,Sam Alvey,win
Derek Brunson,Ed Herman,win
Derek Brunson,Lorenz Larkin,win
Derek Brunson,Yoel Romero,loss
Derek Brunson,Brian Houston,win
Derek Brunson,Chris Leben,win
Derek Brunson,Jacare Souza,loss
Derek Brunson,Nate James,win
Derek Brunson,Lumumba Sayers,win
Derek Brunson,Jeremy Hamilton,win
Kelvin Gastelum,Chris Weidman,loss
Kelvin Gastelum,Vitor Belfort,nc
Kelvin Gastelum,Tim Kennedy,win
Kelvin Gastelum,Johny Hendricks,win
Kelvin Gastelum,Neil Magny,loss
Kelvin Gastelum,Nate Marquardt,win
Kelvin Gastelum,Tyron Woodley,loss
Kelvin Gastelum,Jake Ellenberger,win
Kelvin Gastelum,Nico Musoke,win
Kelvin Gastelum,Rick Story,win
Kelvin Gastelum,Brian Melancon,win
Kelvin Gastelum,Uriah Hall,win
David Branch,Luke Rockhold,loss
David Branch,Krzysztof Jotko,win
David Branch,Rousimar Palhares,loss
David Branch,Rich Attonito,win
David Branch,Tomasz Drwal,win
David Branch,Gerald Harris,loss
Uriah Hall,Krzysztof Jotko,win
Uriah Hall,Gegard Mousasi,loss
Uriah Hall,Derek Brunson,loss
Uriah Hall,Robert Whittaker,loss
Uriah Hall,Gegard Mousasi,win
Uriah Hall,Oluwale Bamgbose,win
Uriah Hall,Rafael Natal,loss
Uriah Hall,Ron Stallings,win
Uriah Hall,Thiago Santos,win
Uriah Hall,Chris Leben,win
Uriah Hall,John Howard,loss
Uriah Hall,Kelvin Gastelum,loss
Vitor Belfort,Nate Marquardt,win
Vitor Belfort,Kelvin Gastelum,nc
Vitor Belfort,Gegard Mousasi,loss
Vitor Belfort,Jacare Souza,loss
Vitor Belfort,Dan Henderson,win
Vitor Belfort,Chris Weidman,loss
Vitor Belfort,Dan Henderson,win
Vitor Belfort,Luke Rockhold,win
Vitor Belfort,Michael Bisping,win
Vitor Belfort,Jon Jones,loss
Vitor Belfort,Anthony Johnson,win
Vitor Belfort,Yoshihiro Akiyama,win
Vitor Belfort,Anderson Silva,loss
Vitor Belfort,Rich Franklin,win
Vitor Belfort,Matt Lindland,win
Vitor Belfort,Terry Martin,win
Vitor Belfort,James Zikic,win
Vitor Belfort,Ivan Serati,win
Vitor Belfort,Dan Henderson,loss
Vitor Belfort,Yoshiki Takahashi,win
Vitor Belfort,Alistair Overeem,loss
Vitor Belfort,Alistair Overeem,loss
Vitor Belfort,Tito Ortiz,loss
Vitor Belfort,Randy Couture,loss
Vitor Belfort,Randy Couture,win
Vitor Belfort,Marvin Eastman,win
Vitor Belfort,Chuck Liddell,loss
Vitor Belfort,Heath Herring,win
Vitor Belfort,Bobby Southworth,win
Vitor Belfort,Daijiro Matsui,win
Vitor Belfort,Gilbert Yvel,win
Vitor Belfort,Kazushi Sakuraba,loss
Vitor Belfort,Wanderlei Silva,win
Vitor Belfort,Joe Charles,win
Vitor Belfort,Randy Couture,loss
Vitor Belfort,David Abbott,win
Vitor Belfort,Tra Telligman,win
Vitor Belfort,Scott Ferrozzo,win
Krzysztof Jotko,Uriah Hall,loss
Krzysztof Jotko,David Branch,loss
Krzysztof Jotko,Thales Leites,win
Krzysztof Jotko,Tamdan McCrory,win
Krzysztof Jotko,Bradley Scott,win
Krzysztof Jotko,Scott Askham,win
Krzysztof Jotko,Tor Troeng,win
Krzysztof Jotko,Magnus Cedenblad,loss
Krzysztof Jotko,Bruno Santos,win
Thales Leites,Sam Alvey,win
Thales Leites,Krzysztof Jotko,loss
Thales Leites,Chris Camozzi,win
Thales Leites,Gegard Mousasi,loss
Thales Leites,Michael Bisping,loss
Thales Leites,Tim Boetsch,win
Thales Leites,Francis Carmont,win
Thales Leites,Trevor Smith,win
Thales Leites,Ed Herman,win
Thales Leites,Tom Watson,win
Thales Leites,Alessio Sakara,loss
Thales Leites,Anderson Silva,loss
Thales Leites,Drew McFedries,win
Thales Leites,Nate Marquardt,win
Thales Leites,Ryan Jensen,win
Thales Leites,Floyd Sword,win
Thales Leites,Pete Sell,win
Thales Leites,Martin Kampmann,loss
Tim Boetsch,Johny Hendricks,win
Tim Boetsch,Jacare Souza,loss
Tim Boetsch,Rafael Natal,win
Tim Boetsch,Josh Samman,win
Tim Boetsch,Ed Herman,loss
Tim Boetsch,Dan Henderson,loss
Tim Boetsch,Thales Leites,loss
Tim Boetsch,Brad Tavares,win
Tim Boetsch,Luke Rockhold,loss
Tim Boetsch,CB Dollaway,win
Tim Boetsch,Mark Munoz,loss
Tim Boetsch,Costas Philippou,loss
Tim Boetsch,Hector Lombard,win
Tim Boetsch,Yushin Okami,win
Tim Boetsch,Nick Ring,win
Tim Boetsch,Kendall Grove,win
Tim Boetsch,Phil Davis,loss
Tim Boetsch,Todd Brown,win
Tim Boetsch,Jason Brilz,loss
Tim Boetsch,Michael Patt,win
Tim Boetsch,Matt Hamill,loss
Tim Boetsch,David Heath,win
Thiago Santos,Gerald Meerschaert,win
Thiago Santos,Jack Marshman,win
Thiago Santos,Eric Spicely,loss
Thiago Santos,Gegard Mousasi,loss
Thiago Santos,Nate Marquardt,win
Thiago Santos,Elias Theodorou,win
Thiago Santos,Steve Bosse,win
Thiago Santos,Andy Enz,win
Thiago Santos,Uriah Hall,loss
Thiago Santos,Ronny Markes,win
Thiago Santos,Cezar Ferreira,loss
Daniel Cormier,Jon Jones,nc
Daniel Cormier,Anthony Johnson,win
Daniel Cormier,Anderson Silva,win
Daniel Cormier,Alexander Gustafsson,win
Daniel Cormier,Anthony Johnson,win
Daniel Cormier,Jon Jones,loss
Daniel Cormier,Dan Henderson,win
Daniel Cormier,Patrick Cummins,win
Daniel Cormier,Roy Nelson,win
Daniel Cormier,Frank Mir,win
Daniel Cormier,Dion Staring,win
Daniel Cormier,Josh Barnett,win
Daniel Cormier,Antonio Silva,win
Daniel Cormier,Jeff Monson,win
Daniel Cormier,Devin Cole,win
Daniel Cormier,Jason Riley,win
Daniel Cormier,John Devine,win
Daniel Cormier,Gary Frazier,win
Alexander Gustafsson,Glover Teixeira,win
Alexander Gustafsson,Jan Blachowicz,win
Alexander Gustafsson,Daniel Cormier,loss
Alexander Gustafsson,Anthony Johnson,loss
Alexander Gustafsson,Jimi Manuwa,win
Alexander Gustafsson,Jon Jones,loss
Alexander Gustafsson,Mauricio Rua,win
Alexander Gustafsson,Thiago Silva,win
Alexander Gustafsson,Vladimir Matyushenko,win
Alexander Gustafsson,Matt Hamill,win
Alexander Gustafsson,James Te Huna,win
Alexander Gustafsson,Cyrille Diabate,win
Alexander Gustafsson,Phil Davis,loss
Alexander Gustafsson,Jared Hamman,win
Volkan Oezdemir,Jimi Manuwa,win
Volkan Oezdemir,Misha Cirkunov,win
Volkan Oezdemir,Ovince Saint Preux,win
Glover Teixeira,Alexander Gustafsson,loss
Glover Teixeira,Jared Cannonier,win
Glover Teixeira,Anthony Johnson,loss
Glover Teixeira,Rashad Evans,win
Glover Teixeira,Patrick Cummins,win
Glover Teixeira,Ovince Saint Preux,win
Glover Teixeira,Phil Davis,loss
Glover Teixeira,Jon Jones,loss
Glover Teixeira,Ryan Bader,win
Glover Teixeira,James Te Huna,win
Glover Teixeira,Rampage Jackson,win
Glover Teixeira,Fabio Maldonado,win
Glover Teixeira,Kyle Kingsbury,win
Glover Teixeira,Rameau Thierry Sokoudjou,win
Glover Teixeira,Jack Morrison,win
Glover Teixeira,Carlton Jones,win
Glover Teixeira,Eric Schwartz,loss
Jimi Manuwa,Volkan Oezdemir,loss
Jimi Manuwa,Corey Anderson,win
Jimi Manuwa,Ovince Saint Preux,win
Jimi Manuwa,Anthony Johnson,loss
Jimi Manuwa,Jan Blachowicz,win
Jimi Manuwa,Alexander Gustafsson,loss
Jimi Manuwa,Ryan Jimmo,win
Jimi Manuwa,Cyrille Diabate,win
Jimi Manuwa,Kyle Kingsbury,win
Mauricio Rua,Gian Villante,win
Mauricio Rua,Corey Anderson,win
Mauricio Rua,Rogerio Nogueira,win
Mauricio Rua,Ovince Saint Preux,loss
Mauricio Rua,Dan Henderson,loss
Mauricio Rua,James Te Huna,win
Mauricio Rua,Chael Sonnen,loss
Mauricio Rua,Alexander Gustafsson,loss
Mauricio Rua,Brandon Vera,win
Mauricio Rua,Dan Henderson,loss
Mauricio Rua,Forrest Griffin,win
Mauricio Rua,Jon Jones,loss
Mauricio Rua,Lyoto Machida,win
Mauricio Rua,Lyoto Machida,loss
Mauricio Rua,Chuck Liddell,win
Mauricio Rua,Mark Coleman,win
Mauricio Rua,Forrest Griffin,loss
Mauricio Rua,Alistair Overeem,win
Mauricio Rua,Kazuhiro Nakamura,win
Mauricio Rua,Kevin Randleman,win
Mauricio Rua,Cyrille Diabate,win
Mauricio Rua,Mark Coleman,loss
Mauricio Rua,Alistair Overeem,win
Mauricio Rua,Ricardo Arona,win
Mauricio Rua,Rogerio Nogueira,win
Mauricio Rua,Rampage Jackson,win
Mauricio Rua,Hiromitsu Kanehara,win
Mauricio Rua,Yasuhito Namekawa,win
Mauricio Rua,Akihiro Gono,win
Mauricio Rua,Akira Shoji,win
Mauricio Rua,Renato Sobral,loss
Mauricio Rua,Erick Wanderlei,win
Mauricio Rua,Evangelista Santos,win
Mauricio Rua,Angelo Antonio,win
Mauricio Rua,Rafael Freitas,win
Ovince Saint Preux,Yushin Okami,win
Ovince Saint Preux,Marcos Rogerio de Lima,win
Ovince Saint Preux,Volkan Oezdemir,loss
Ovince Saint Preux,Jimi Manuwa,loss
Ovince Saint Preux,Jon Jones,loss
Ovince Saint Preux,Rafael Feijao,win
Ovince Saint Preux,Glover Teixeira,loss
Ovince Saint Preux,Patrick Cummins,win
Ovince Saint Preux,Mauricio Rua,win
Ovince Saint Preux,Ryan Bader,loss
Ovince Saint Preux,Ryan Jimmo,win
Ovince Saint Preux,Nikita Krylov,win
Ovince Saint Preux,Cody Donovan,win
Ovince Saint Preux,Gian Villante,win
Ovince Saint Preux,TJ Cook,win
Ovince Saint Preux,Gegard Mousasi,loss
Ovince Saint Preux,Joe Cason,win
Ovince Saint Preux,Abongo Humphrey,win
Ovince Saint Preux,Benji Radach,win
Ovince Saint Preux,Antwain Britt,win
Ovince Saint Preux,Chris Hawk,win
Corey Anderson,Jimi Manuwa,loss
Corey Anderson,Sean O'Connell,win
Corey Anderson,Mauricio Rua,loss
Corey Anderson,Tom Lawlor,win
Corey Anderson,Fabio Maldonado,win
Corey Anderson,Jan Blachowicz,win
Corey Anderson,Gian Villante,loss
Corey Anderson,Justin Jones,win
Corey Anderson,Matt Van Buren,win
Misha Cirkunov,Volkan Oezdemir,loss
Misha Cirkunov,Nikita Krylov,win
Misha Cirkunov,Ion Cutelaba,win
Misha Cirkunov,Alex Nicholson,win
Misha Cirkunov,Daniel Jolly,win
Ilir Latifi,Tyson Pedro,win
Ilir Latifi,Ryan Bader,loss
Ilir Latifi,Gian Villante,win
Ilir Latifi,Sean O'Connell,win
Ilir Latifi,Hans Stringer,win
Ilir Latifi,Jan Blachowicz,loss
Ilir Latifi,Chris Dempsey,win
Ilir Latifi,Cyrille Diabate,win
Ilir Latifi,Gegard Mousasi,loss
Patrick Cummins,Gian Villante,win
Patrick Cummins,Jan Blachowicz,win
Patrick Cummins,Rogerio Nogueira,loss
Patrick Cummins,Glover Teixeira,loss
Patrick Cummins,Rafael Feijao,win
Patrick Cummins,Ovince Saint Preux,loss
Patrick Cummins,Antonio Carlos Junior,win
Patrick Cummins,Kyle Kingsbury,win
Patrick Cummins,Roger Narvaez,win
Patrick Cummins,Daniel Cormier,loss
Patrick Cummins,Terrell Brown,win
Rogerio Nogueira,Ryan Bader,loss
Rogerio Nogueira,Patrick Cummins,win
Rogerio Nogueira,Mauricio Rua,loss
Rogerio Nogueira,Anthony Johnson,loss
Rogerio Nogueira,Rashad Evans,win
Rogerio Nogueira,Tito Ortiz,win
Rogerio Nogueira,Phil Davis,loss
Rogerio Nogueira,Ryan Bader,loss
Rogerio Nogueira,Jason Brilz,win
Rogerio Nogueira,Luiz Cane,win
Rogerio Nogueira,Dion Staring,win
Rogerio Nogueira,Vladimir Matyushenko,win
Rogerio Nogueira,Moise Rimbon,win
Rogerio Nogueira,Edwin DeWees,win
Rogerio Nogueira,Todd Gouwenberg,win
Rogerio Nogueira,Rameau Thierry Sokoudjou,loss
Rogerio Nogueira,Alistair Overeem,win
Rogerio Nogueira,Mauricio Rua,loss
Rogerio Nogueira,Dan Henderson,win
Rogerio Nogueira,Alistair Overeem,win
Rogerio Nogueira,Kazuhiro Nakamura,win
Rogerio Nogueira,Kazushi Sakuraba,win
Rogerio Nogueira,Kazuhiro Nakamura,win
Rogerio Nogueira,Guy Mezger,win
Rogerio Nogueira,Yusuke Imamura,win
Gadzhimurad Antigulov,Joachim Christensen,win
Gadzhimurad Antigulov,Marcos Rogerio de Lima,win
Tyson Pedro,Ilir Latifi,loss
Tyson Pedro,Paul Craig,win
Tyson Pedro,Khalil Rountree Jr.,win
Gian Villante,Patrick Cummins,loss
Gian Villante,Mauricio Rua,loss
Gian Villante,Saparbek Safarov,win
Gian Villante,Ilir Latifi,loss
Gian Villante,Anthony Perosh,win
Gian Villante,Tom Lawlor,loss
Gian Villante,Corey Anderson,win
Gian Villante,Sean O'Connell,win
Gian Villante,Fabio Maldonado,loss
Gian Villante,Cody Donovan,win
Gian Villante,Ovince Saint Preux,loss
Gian Villante,Derrick Mehmen,win
Gian Villante,Trevor Smith,win
Gian Villante,Keith Berry,win
Gian Villante,Lorenz Larkin,loss
Gian Villante,Chad Griggs,loss
Jan Blachowicz,Patrick Cummins,loss
Jan Blachowicz,Alexander Gustafsson,loss
Jan Blachowicz,Igor Pokrajac,win
Jan Blachowicz,Corey Anderson,loss
Jan Blachowicz,Jimi Manuwa,loss
Jan Blachowicz,Ilir Latifi,win
Stipe Miocic,Junior Dos Santos,win
Stipe Miocic,Alistair Overeem,win
Stipe Miocic,Fabricio Werdum,win
Stipe Miocic,Andrei Arlovski,win
Stipe Miocic,Mark Hunt,win
Stipe Miocic,Junior Dos Santos,loss
Stipe Miocic,Fabio Maldonado,win
Stipe Miocic,Gabriel Gonzaga,win
Stipe Miocic,Roy Nelson,win
Stipe Miocic,Stefan Struve,loss
Stipe Miocic,Shane del Rosario,win
Stipe Miocic,Philip De Fries,win
Stipe Miocic,Joey Beltran,win
Alistair Overeem,Fabricio Werdum,win
Alistair Overeem,Mark Hunt,win
Alistair Overeem,Stipe Miocic,loss
Alistair Overeem,Andrei Arlovski,win
Alistair Overeem,Junior Dos Santos,win
Alistair Overeem,Roy Nelson,win
Alistair Overeem,Stefan Struve,win
Alistair Overeem,Ben Rothwell,loss
Alistair Overeem,Frank Mir,win
Alistair Overeem,Travis Browne,loss
Alistair Overeem,Antonio Silva,loss
Alistair Overeem,Brock Lesnar,win
Alistair Overeem,Fabricio Werdum,win
Alistair Overeem,Todd Duffee,win
Alistair Overeem,Brett Rogers,win
Alistair Overeem,Kazuyuki Fujita,win
Alistair Overeem,James Thompson,win
Alistair Overeem,Tony Sylvester,win
Alistair Overeem,Gary Goodridge,win
Alistair Overeem,Mirko Cro Cop,nc
Alistair Overeem,Mark Hunt,win
Alistair Overeem,Tae Hyun Lee,win
Alistair Overeem,Paul Buentello,win
Alistair Overeem,Sergei Kharitonov,loss
Alistair Overeem,Michael Knaap,win
Alistair Overeem,Mauricio Rua,loss
Alistair Overeem,Ricardo Arona,loss
Alistair Overeem,Rogerio Nogueira,loss
Alistair Overeem,Vitor Belfort,win
Alistair Overeem,Fabricio Werdum,loss
Alistair Overeem,Nikolajus Cilkinas,win
Alistair Overeem,Sergei Kharitonov,win
Alistair Overeem,Mauricio Rua,loss
Alistair Overeem,Igor Vovchanchyn,win
Alistair Overeem,Vitor Belfort,win
Alistair Overeem,Rogerio Nogueira,loss
Alistair Overeem,Hiromitsu Kanehara,win
Alistair Overeem,Tomohiko Hashimoto,win
Alistair Overeem,Chuck Liddell,loss
Alistair Overeem,Mike Bencic,win
Alistair Overeem,Bazigit Atajev,win
Alistair Overeem,Yusuke Imamura,win
Fabricio Werdum,Alistair Overeem,loss
Fabricio Werdum,Travis Browne,win
Fabricio Werdum,Stipe Miocic,loss
Fabricio Werdum,Cain Velasquez,win
Fabricio Werdum,Mark Hunt,win
Fabricio Werdum,Travis Browne,win
Fabricio Werdum,Minotauro Nogueira,win
Fabricio Werdum,Mike Russow,win
Fabricio Werdum,Roy Nelson,win
Fabricio Werdum,Alistair Overeem,loss
Fabricio Werdum,Fedor Emelianenko,win
Fabricio Werdum,Antonio Silva,win
Fabricio Werdum,Mike Kyle,win
Fabricio Werdum,Junior Dos Santos,loss
Fabricio Werdum,Brandon Vera,win
Fabricio Werdum,Gabriel Gonzaga,win
Fabricio Werdum,Andrei Arlovski,loss
Fabricio Werdum,Aleksander Emelianenko,win
Fabricio Werdum,Minotauro Nogueira,loss
Fabricio Werdum,Alistair Overeem,win
Fabricio Werdum,Jon Olav Einemo,win
Fabricio Werdum,Sergei Kharitonov,loss
Fabricio Werdum,Roman Zentsov,win
Fabricio Werdum,Tom Erikson,win
Fabricio Werdum,Ebenezer Fontes Braga,win
Fabricio Werdum,Gabriel Gonzaga,win
Fabricio Werdum,Kristof Midoux,win
Cain Velasquez,Travis Browne,win
Cain Velasquez,Fabricio Werdum,loss
Cain Velasquez,Junior Dos Santos,win
Cain Velasquez,Antonio Silva,win
Cain Velasquez,Junior Dos Santos,win
Cain Velasquez,Antonio Silva,win
Cain Velasquez,Junior Dos Santos,loss
Cain Velasquez,Brock Lesnar,win
Cain Velasquez,Minotauro Nogueira,win
Cain Velasquez,Ben Rothwell,win
Cain Velasquez,Cheick Kongo,win
Cain Velasquez,Denis Stojnic,win
Cain Velasquez,Jake O'Brien,win
Cain Velasquez,Brad Morris,win
Cain Velasquez,Jeremiah Constant,win
Cain Velasquez,Jesse Fujarczyk,win
Francis Ngannou,Andrei Arlovski,win
Francis Ngannou,Anthony Hamilton,win
Francis Ngannou,Bojan Mihajlovic,win
Francis Ngannou,Curtis Blaydes,win
Francis Ngannou,Luis Henrique,win
Mark Hunt,Derrick Lewis,win
Mark Hunt,Alistair Overeem,loss
Mark Hunt,Brock Lesnar,nc
Mark Hunt,Frank Mir,win
Mark Hunt,Antonio Silva,win
Mark Hunt,Stipe Miocic,loss
Mark Hunt,Fabricio Werdum,loss
Mark Hunt,Roy Nelson,win
Mark Hunt,Antonio Silva,draw
Mark Hunt,Junior Dos Santos,loss
Mark Hunt,Stefan Struve,win
Mark Hunt,Cheick Kongo,win
Mark Hunt,Ben Rothwell,win
Mark Hunt,Chris Tuchscherer,win
Mark Hunt,Sean McCorkle,loss
Mark Hunt,Gegard Mousasi,loss
Mark Hunt,Melvin Manhoef,loss
Mark Hunt,Alistair Overeem,loss
Mark Hunt,Fedor Emelianenko,loss
Mark Hunt,Josh Barnett,loss
Mark Hunt,Tsuyoshi Kohsaka,win
Mark Hunt,Yosuke Nishijima,win
Mark Hunt,Mirko Cro Cop,win
Mark Hunt,Wanderlei Silva,win
Mark Hunt,Dan Bobish,win
Mark Hunt,Hidehiko Yoshida,loss
Derrick Lewis,Mark Hunt,loss
Derrick Lewis,Travis Browne,win
Derrick Lewis,Shamil Abdurakhimov,win
Derrick Lewis,Roy Nelson,win
Derrick Lewis,Gabriel Gonzaga,win
Derrick Lewis,Damian Grabowski,win
Derrick Lewis,Viktor Pesta,win
Derrick Lewis,Shawn Jordan,loss
Derrick Lewis,Ruan Potts,win
Derrick Lewis,Matt Mitrione,loss
Derrick Lewis,Guto Inocente,win
Derrick Lewis,Jack May,win
Alexander Volkov,Stefan Struve,win
Alexander Volkov,Roy Nelson,win
Alexander Volkov,Tim Johnson,win
Marcin Tybura,Andrei Arlovski,win
Marcin Tybura,Luis Henrique,win
Marcin Tybura,Viktor Pesta,win
Marcin Tybura,Tim Johnson,loss
Aleksei Oleinik,Travis Browne,win
Aleksei Oleinik,Viktor Pesta,win
Aleksei Oleinik,Daniel Omielanczuk,loss
Aleksei Oleinik,Jared Rosholt,win
Aleksei Oleinik,Anthony Hamilton,win
Stefan Struve,Alexander Volkov,loss
Stefan Struve,Daniel Omielanczuk,win
Stefan Struve,Antonio Silva,win
Stefan Struve,Jared Rosholt,loss
Stefan Struve,Minotauro Nogueira,win
Stefan Struve,Alistair Overeem,loss
Stefan Struve,Mark Hunt,loss
Stefan Struve,Stipe Miocic,win
Stefan Struve,Lavar Johnson,win
Stefan Struve,Dave Herman,win
Stefan Struve,Pat Barry,win
Stefan Struve,Travis Browne,loss
Stefan Struve,Sean McCorkle,win
Stefan Struve,Christian Morecraft,win
Stefan Struve,Roy Nelson,loss
Stefan Struve,Paul Buentello,win
Stefan Struve,Chase Gormley,win
Stefan Struve,Denis Stojnic,win
Stefan Struve,Junior Dos Santos,loss
Junior Albini,Tim Johnson,win
Andrei Arlovski,Marcin Tybura,loss
Andrei Arlovski,Francis Ngannou,loss
Andrei Arlovski,Josh Barnett,loss
Andrei Arlovski,Alistair Overeem,loss
Andrei Arlovski,Stipe Miocic,loss
Andrei Arlovski,Frank Mir,win
Andrei Arlovski,Travis Browne,win
Andrei Arlovski,Antonio Silva,win
Andrei Arlovski,Brendan Schaub,win
Andrei Arlovski,Sergei Kharitonov,loss
Andrei Arlovski,Antonio Silva,loss
Andrei Arlovski,Brett Rogers,loss
Andrei Arlovski,Fedor Emelianenko,loss
Andrei Arlovski,Roy Nelson,win
Andrei Arlovski,Ben Rothwell,win
Andrei Arlovski,Jake O'Brien,win
Andrei Arlovski,Fabricio Werdum,win
Andrei Arlovski,Marcio Cruz,win
Andrei Arlovski,Tim Sylvia,loss
Andrei Arlovski,Tim Sylvia,loss
Andrei Arlovski,Paul Buentello,win
Andrei Arlovski,Justin Eilers,win
Andrei Arlovski,Tim Sylvia,win
Andrei Arlovski,Wesley Correira,win
Andrei Arlovski,Vladimir Matyushenko,win
Andrei Arlovski,Ian Freeman,win
Andrei Arlovski,Pedro Rizzo,loss
Andrei Arlovski,Ricco Rodriguez,loss
Andrei Arlovski,Aaron Brink,win
Curtis Blaydes,Daniel Omielanczuk,win
Curtis Blaydes,Adam Milstead,nc
Curtis Blaydes,Cody East,win
Curtis Blaydes,Francis Ngannou,loss
Travis Browne,Aleksei Oleinik,loss
Travis Browne,Derrick Lewis,loss
Travis Browne,Fabricio Werdum,loss
Travis Browne,Cain Velasquez,loss
Travis Browne,Matt Mitrione,win
Travis Browne,Andrei Arlovski,loss
Travis Browne,Brendan Schaub,win
Travis Browne,Fabricio Werdum,loss
Travis Browne,Josh Barnett,win
Travis Browne,Alistair Overeem,win
Travis Browne,Gabriel Gonzaga,win
Travis Browne,Antonio Silva,loss
Travis Browne,Chad Griggs,win
Travis Browne,Rob Broughton,win
Travis Browne,Stefan Struve,win
Travis Browne,Cheick Kongo,draw
Travis Browne,James McSweeney,win
Tim Johnson,Junior Albini,loss
Tim Johnson,Daniel Omielanczuk,win
Tim Johnson,Alexander Volkov,loss
Tim Johnson,Marcin Tybura,win
Tim Johnson,Jared Rosholt,loss
Tim Johnson,Shamil Abdurakhimov,win
Joanna Jedrzejczyk,Jessica Andrade,win
Joanna Jedrzejczyk,Karolina Kowalkiewicz,win
Joanna Jedrzejczyk,Claudia Gadelha,win
Joanna Jedrzejczyk,Valerie Letourneau,win
Joanna Jedrzejczyk,Jessica Penne,win
Joanna Jedrzejczyk,Carla Esparza,win
Joanna Jedrzejczyk,Claudia Gadelha,win
Joanna Jedrzejczyk,Juliana Lima,win
Claudia Gadelha,Jessica Andrade,loss
Claudia Gadelha,Karolina Kowalkiewicz,win
Claudia Gadelha,Cortney Casey,win
Claudia Gadelha,Joanna Jedrzejczyk,loss
Claudia Gadelha,Jessica Aguilar,win
Claudia Gadelha,Joanna Jedrzejczyk,loss
Claudia Gadelha,Tina Lahdemaki,win
Karolina Kowalkiewicz,Claudia Gadelha,loss
Karolina Kowalkiewicz,Joanna Jedrzejczyk,loss
Karolina Kowalkiewicz,Rose Namajunas,win
Karolina Kowalkiewicz,Heather Jo Clark,win
Karolina Kowalkiewicz,Randa Markos,win
Rose Namajunas,Michelle Waterson,win
Rose Namajunas,Karolina Kowalkiewicz,loss
Rose Namajunas,Tecia Torres,win
Rose Namajunas,Paige VanZant,win
Rose Namajunas,Angela Hill,win
Rose Namajunas,Carla Esparza,loss
Jessica Andrade,Claudia Gadelha,win
Jessica Andrade,Joanna Jedrzejczyk,loss
Jessica Andrade,Angela Hill,win
Jessica Andrade,Joanne Calderwood,win
Jessica Andrade,Jessica Penne,win
Jessica Andrade,Raquel Pennington,loss
Jessica Andrade,Sarah Moras,win
Jessica Andrade,Marion Reneau,loss
Jessica Andrade,Larissa Pacheco,win
Jessica Andrade,Raquel Pennington,win
Jessica Andrade,Rosi Sexton,win
Jessica Andrade,Liz Carmouche,loss
Tecia Torres,Juliana Lima,win
Tecia Torres,Bec Rawlings,win
Tecia Torres,Rose Namajunas,loss
Tecia Torres,Jocelyn Jones-Lybarger,win
Tecia Torres,Angela Hill,win
Tecia Torres,Angela Magana,win
Michelle Waterson,Rose Namajunas,loss
Michelle Waterson,Paige VanZant,win
Michelle Waterson,Angela Magana,win
Michelle Waterson,Jessica Penne,win
Michelle Waterson,Tyra Parker,win
Cynthia Calvillo,Joanne Calderwood,win
Cynthia Calvillo,Pearl Gonzalez,win
Cynthia Calvillo,Amanda Cooper,win
Carla Esparza,Maryna Moroz,win
Carla Esparza,Randa Markos,loss
Carla Esparza,Juliana Lima,win
Carla Esparza,Joanna Jedrzejczyk,loss
Carla Esparza,Rose Namajunas,win
Felice Herrig,Justine Kish,win
Felice Herrig,Alexa Grasso,win
Felice Herrig,Kailin Curran,win
Felice Herrig,Paige VanZant,loss
Felice Herrig,Lisa Ellis,win
Paige VanZant,Michelle Waterson,loss
Paige VanZant,Bec Rawlings,win
Paige VanZant,Rose Namajunas,loss
Paige VanZant,Alex Chambers,win
Paige VanZant,Felice Herrig,win
Paige VanZant,Kailin Curran,win
Alexa Grasso,Randa Markos,win
Alexa Grasso,Felice Herrig,loss
Alexa Grasso,Heather Jo Clark,win
Cortney Casey,Jessica Aguilar,win
Cortney Casey,Claudia Gadelha,loss
Cortney Casey,Randa Markos,win
Cortney Casey,Cristina Stanciu,win
Cortney Casey,Seohee Ham,loss
Cortney Casey,Joanne Calderwood,loss
Joanne Calderwood,Cynthia Calvillo,loss
Joanne Calderwood,Jessica Andrade,loss
Joanne Calderwood,Valerie Letourneau,win
Joanne Calderwood,Cortney Casey,win
Joanne Calderwood,Maryna Moroz,loss
Joanne Calderwood,Seohee Ham,win
Randa Markos,Alexa Grasso,loss
Randa Markos,Carla Esparza,win
Randa Markos,Cortney Casey,loss
Randa Markos,Jocelyn Jones-Lybarger,win
Randa Markos,Karolina Kowalkiewicz,loss
Randa Markos,Aisling Daly,win
Randa Markos,Jessica Penne,loss
Maryna Moroz,Carla Esparza,loss
Maryna Moroz,Danielle Taylor,win
Maryna Moroz,Cristina Stanciu,win
Maryna Moroz,Valerie Letourneau,loss
Maryna Moroz,Joanne Calderwood,win
Amanda Nunes,Valentina Shevchenko,win
Amanda Nunes,Ronda Rousey,win
Amanda Nunes,Miesha Tate,win
Amanda Nunes,Valentina Shevchenko,win
Amanda Nunes,Sara McMann,win
Amanda Nunes,Shayna Baszler,win
Amanda Nunes,Cat Zingano,loss
Amanda Nunes,Germaine de Randamie,win
Amanda Nunes,Sheila Gaff,win
Amanda Nunes,Alexis Davis,loss
Amanda Nunes,Julia Budd,win
Valentina Shevchenko,Amanda Nunes,loss
Valentina Shevchenko,Julianna Pena,win
Valentina Shevchenko,Holly Holm,win
Valentina Shevchenko,Amanda Nunes,loss
Valentina Shevchenko,Sarah Kaufman,win
Holly Holm,Bethe Correia,win
Holly Holm,Germaine de Randamie,loss
Holly Holm,Valentina Shevchenko,loss
Holly Holm,Miesha Tate,loss
Holly Holm,Ronda Rousey,win
Holly Holm,Marion Reneau,win
Holly Holm,Raquel Pennington,win
Julianna Pena,Valentina Shevchenko,loss
Julianna Pena,Cat Zingano,win
Julianna Pena,Jessica Eye,win
Julianna Pena,Milana Dudieva,win
Julianna Pena,Jessica Rakoczy,win
Raquel Pennington,Miesha Tate,win
Raquel Pennington,Elizabeth Phillips,win
Raquel Pennington,Bethe Correia,win
Raquel Pennington,Jessica Andrade,win
Raquel Pennington,Holly Holm,loss
Raquel Pennington,Ashlee Evans-Smith,win
Raquel Pennington,Jessica Andrade,loss
Raquel Pennington,Roxanne Modafferi,win
Ronda Rousey,Amanda Nunes,loss
Ronda Rousey,Holly Holm,loss
Ronda Rousey,Bethe Correia,win
Ronda Rousey,Cat Zingano,win
Ronda Rousey,Alexis Davis,win
Ronda Rousey,Sara McMann,win
Ronda Rousey,Miesha Tate,win
Ronda Rousey,Liz Carmouche,win
Ronda Rousey,Sarah Kaufman,win
Ronda Rousey,Miesha Tate,win
Ronda Rousey,Julia Budd,win
Ronda Rousey,Sarah D'alelio,win
Cat Zingano,Julianna Pena,loss
Cat Zingano,Ronda Rousey,loss
Cat Zingano,Amanda Nunes,win
Cat Zingano,Miesha Tate,win
Sara McMann,Ketlen Vieira,loss
Sara McMann,Gina Mazany,win
Sara McMann,Alexis Davis,win
Sara McMann,Jessica Eye,win
Sara McMann,Amanda Nunes,loss
Sara McMann,Miesha Tate,loss
Sara McMann,Lauren Murphy,win
Sara McMann,Ronda Rousey,loss
Sara McMann,Sheila Gaff,win
Sara McMann,Shayna Baszler,win
Sara McMann,Hitomi Akano,win
Sara McMann,Raquel Pa'aluhi,win
Sara McMann,Tonya Evinger,win
Germaine de Randamie,Holly Holm,win
Germaine de Randamie,Anna Elmose,win
Germaine de Randamie,Larissa Pacheco,win
Germaine de Randamie,Amanda Nunes,loss
Germaine de Randamie,Julie Kedzie,win
Germaine de Randamie,Hiroko Yamanaka,win
Germaine de Randamie,Julia Budd,loss
Germaine de Randamie,Stephanie Webber,win
Ketlen Vieira,Sara McMann,win
Ketlen Vieira,Ashlee Evans-Smith,win
Ketlen Vieira,Kelly Faszholz,win
Alexis Davis,Cindy Dandois,win
Alexis Davis,Sara McMann,loss
Alexis Davis,Sarah Kaufman,win
Alexis Davis,Ronda Rousey,loss
Alexis Davis,Jessica Eye,win
Alexis Davis,Liz Carmouche,win
Alexis Davis,Rosi Sexton,win
Alexis Davis,Sarah Kaufman,loss
Alexis Davis,Amanda Nunes,win
Alexis Davis,Julie Kedzie,win
Liz Carmouche,Katlyn Chookagian,win
Liz Carmouche,Lauren Murphy,win
Liz Carmouche,Miesha Tate,loss
Liz Carmouche,Alexis Davis,loss
Liz Carmouche,Jessica Andrade,win
Liz Carmouche,Ronda Rousey,loss
Liz Carmouche,Sarah Kaufman,loss
Liz Carmouche,Marloes Coenen,loss
Liz Carmouche,Jan Finney,win
Liz Carmouche,Colleen Schneider,win
Marion Reneau,Talita Bernardo,win
Marion Reneau,Bethe Correia,draw
Marion Reneau,Milana Dudieva,win
Marion Reneau,Ashlee Evans-Smith,loss
Marion Reneau,Holly Holm,loss
Marion Reneau,Jessica Andrade,win
Marion Reneau,Alexis Dufresne,win
Katlyn Chookagian,Irene Aldana,win
Katlyn Chookagian,Liz Carmouche,loss
Katlyn Chookagian,Lauren Murphy,win
Bethe Correia,Holly Holm,loss
Bethe Correia,Marion Reneau,draw
Bethe Correia,Jessica Eye,win
Bethe Correia,Raquel Pennington,loss
Bethe Correia,Ronda Rousey,loss
Bethe Correia,Shayna Baszler,win
Bethe Correia,Jessamyn Duke,win
Bethe Correia,Julie Kedzie,win
Leslie Smith,Amanda Lemos,win
Leslie Smith,Irene Aldana,win
Leslie Smith,Cris Cyborg,loss
Leslie Smith,Rin Nakai,win
Leslie Smith,Jessica Eye,loss
Leslie Smith,Jessamyn Duke,win
Leslie Smith,Sarah Kaufman,loss
